Best Coding Bootcamp,Le Wagon,99.5327,1070,2,"Melbourne, Casablanca, Buenos Aires, Brussels, Milan, Chengdu, Mexico City, Amsterdam, Sao Paulo, Barcelona, Bordeaux, Copenhagen, Lille, Lisbon, Bali, Nantes, Rio de Janeiro , Marseille, Montreal, Shanghai, Belo Horizonte, Tokyo, Lyon, Tel Aviv, Kyoto, Berlin, London, Paris, Shenzhen, Lausanne, Madrid, Oslo, Rennes, and Singapore",Coding Bootcamps and Full-Stack Web Development,
Best Coding Bootcamp,Ironhack,97.5889,647,2,"Berlin, Mexico City, Amsterdam, Sao Paulo, Paris, Miami, Madrid, Barcelona, Lisbon, Bogota, and Munich","Coding Bootcamps, Full-Stack Web Development, Front-End Development, Web Design (UX/UI), and Data Science",10% Scholarship for Women and Military Vets. Payment plans available.
Best Coding Bootcamp,App Academy,94.0123,648,3,"San Francisco, NYC, and Online","Coding Bootcamps, Bootcamp Prep, and Full-Stack Web Development",
Best Coding Bootcamp,General Assembly,84.5483,642,2,"Dallas, Providence, San Diego, San Francisco, Seattle, NYC, Washington, D.C., Austin, Los Angeles, Atlanta, Denver, Chicago, London, Singapore, Hong Kong, Sydney, Melbourne, Online, Boston, Santa Monica, and Toronto","Coding Bootcamps, Web Design (UX/UI), Data Science, Product Management, Digital Marketing, Full-Stack Web Development, Front-End Development, and Online Courses","General Assembly's Opportunity Fund offers scholarships for women, veterans, low-income, and other under-represented groups in tech."
Best Online Bootcamp,Springboard,94.7463,335,1,Online and San Francisco,"Data Science, Online Courses, Web Design (UX/UI), Digital Marketing, and Cyber Security",$750 Veteran Scholarship and $750 Women in Tech Scholarship for Data Science Career Track and $500 Veteran / Women in Tech Scholarship for our UX Design Career Track and AI/Machine Learning Career Track
Best Coding Bootcamp,Bloc,94.9383,324,2,Online,"Coding Bootcamps, Web Design (UX/UI), Online Courses, Full-Stack Web Development, and Front-End Development","Enter Code: ""switchup"" for $100 off. We have Veteran and Diversity Scholarships as well."
Best Coding Bootcamp,Thinkful,94.0364,275,3,"Washington, D.C., Philadelphia, Houston, Portland, Dallas, Los Ange... View More","Coding Bootcamps, Data Science, Online Courses, Full-Stack Web Development, Bootcamp Prep, and Front-End Development",Self-identifying women and US military members (active or discharged) are eligible for reduced tuition in our 4-6 month programs. Recipients receive $100 off each month they're enrolled. Scholarships cannot be combined with each other or other discounts.
Best Data Science Bootcamp,NYC Data Science Academy,97.6613,248,1,NYC and Online,Data Science and Blockchain and Crypto,
Best Coding Bootcamp,Coding Dojo,89.5528,246,2,"Seattle, Los Angeles, Silicon Valley, Chicago, Dallas, Washington, D.C., Berkeley, Tulsa, Online, Boise, Orange County, and Bellevue","Coding Bootcamps, Mobile Development, Full-Stack Web Development, and Online Courses","Scholarships of up to $4,000 are available, GI Bill accepted at Seattle campus"
,GreyAtom School of Data Science,98.3036,224,1,Mumbai,Data Science,Scholarship of up to 30%
Best Coding Bootcamp,Flatiron School,96.7568,222,3,"NYC, Houston, Online, Washington, D.C., London, Seattle, Atlanta, D... View More","Coding Bootcamps, Online Courses, Bootcamp Prep, Full-Stack Web Development, Front-End Development, and Data Science","Flatiron does a lot to support diversity in tech by offering various scholarships to qualified women, minorities, and veterans, as well as merit-based scholarships. Inquire at admissions@flatironschool.com"
Best Coding Bootcamp,HackerYou,99.697,198,1,Toronto,"Coding Bootcamps, Full-Stack Web Development, and Web Design (UX/UI)",Alumni discounts available.
Best Coding Bootcamp,The Tech Academy,95.533,197,2,"Portland, Denver, Seattle, Online, and Salt Lake City","Coding Bootcamps, Full-Stack Web Development, and University Coding Bootcamps",Discounted tuition through the end of this month!
Best Online Bootcamp,Product School,95.4872,195,1,"Santa Monica, Orange County, San Francisco, Silicon Valley, NYC, Los Angeles, Boston, Boulder, Chicago, Austin, Denver, Bellevue, London, Seattle, Toronto, Online, and Washington, D.C.",Product Management and Coding Bootcamps,
Best Coding Bootcamp,Hack Reactor,94.6875,192,3,"San Francisco, Boulder, Denver, Phoenix, Seattle, Austin, Los Angeles, NYC, and Online","Coding Bootcamps, Full-Stack Web Development, Online Courses, Bootcamp Prep, and Blockchain and Crypto",Veterans Scholarship; Galvanize scholarship: full-tuition scholarship to one immersive programs
Best Online Bootcamp,First Step Coding,100,64,1,"Washington, D.C., NYC, Online, San Francisco, Silicon Valley, San Jose, Boston, Chicago, and Los Angeles","Online Courses, Bootcamp Prep, Coding Bootcamps, and Blockchain and Crypto",
Best Coding Bootcamp,Founders and Coders,96.7857,56,1,London,Coding Bootcamps and Full-Stack Web Development,100% scholarship for all students
Best Coding Bootcamp,Coder Foundry,91.6364,55,3,Greensboro,"Coding Bootcamps, Full-Stack Web Development, and Mobile Development",No
Best Coding Bootcamp,Launch Academy,89.2727,55,4,Boston,"Coding Bootcamps, Full-Stack Web Development, and Online Courses","$500 - Veteran, female, or person of an ethnic minority group underrepresented in the software engineering field"
Best Coding Bootcamp,Sabio,93.3333,54,4,"Los Angeles, Orange County, and Online",Coding Bootcamps and Full-Stack Web Development,$500 For SwitchUp and $500 Women in Tech Scholarship
Best Coding Bootcamp,Codeworks,100,53,2,Barcelona,"Coding Bootcamps, Full-Stack Web Development, and Bootcamp Prep",Bring your friends to study with you & get 10% off tuition cost!
Best Data Science Bootcamp,Data Science Dojo,98.4615,52,1,"Seattle, Washington, D.C., Austin, Chicago, NYC, Toronto, Barcelona, Bucharest, Las Vegas, Singapore, Dubai, Amsterdam, Pretoria, and Bangalore",Data Science and Coding Bootcamps,Fellowship covering full tuition for non-profit employees
Best Online Bootcamp,Evolve Security Academy,98.8235,51,2,Online and Chicago,Coding Bootcamps and Cyber Security,Available - must apply
Best Coding Bootcamp,Horizons School of Technology,98.3333,48,2,Boston and San Francisco,Full-Stack Web Development and IT Training,
Best Coding Bootcamp,Dev League,97.9167,48,3,Honolulu,"Coding Bootcamps, Bootcamp Prep, Full-Stack Web Development, Cyber Security, and Data Science",Low Income Assistance Scholarship & Female Hacker Scholarship
,Dev Bootcamp,82.1277,47,3,,Coding Bootcamps,"$1,500 for veterans, women, minorities underrepresented in tech"
Best Online Bootcamp,Hyperion Development,93.1915,47,1,"Cape Town, London, Online, and Johannesburg","Mobile Development, Full-Stack Web Development, Online Courses, Data Science, and Coding Bootcamps",
Best Online Bootcamp,DataCamp,93.4884,43,1,Online,Data Science,
,Coder Camps,66.5116,43,3,,,"Women In Tech - Up to $2,000 scholarship; Armed Forces Scholarship - 20% discount for active and former military; Hero Scholarship ??$500 discount for teachers, police officers, and firefighters"
Best Coding Bootcamp,V School,99.0476,42,3,Salt Lake City and Online,"Coding Bootcamps, Mobile Development, Full-Stack Web Development, Online Courses, Web Design (UX/UI), and Data Science","Veteran Scholarship $500, Women Scholarship $500, Early Enrollment Scholarship $1,000 (30 days prior to start date), Adobe Digital Academy Full Ride Scholarship, Veteran Scholarship $500, Alumni receive 30% off all tuition, Alumni Referral Program $250, Alumni Referral Program $250 , Need based scholarships may be offered at time of enrollment"
,Sales Bootcamp,96.9231,39,1,"Online, San Francisco, and NYC",Sales and Bootcamp Prep,No fees. No deposit. No % of your salary. We also pay our students in our fellowship
Best Coding Bootcamp,Tech Elevator,97.8846,104,1,"Cleveland, Columbus, Cincinnati, Pittsburgh, and Detroit","Coding Bootcamps, Full-Stack Web Development, and Data Science",
Best Coding Bootcamp,Ubiqum Code Academy,96.3107,103,2,"Berlin, Barcelona, Amsterdam, and Madrid","Coding Bootcamps, Data Science, and Full-Stack Web Development","Women Who Code, Business Data Analytics for Scientists, Academic Excellence, 10-20% scholarship"
Best Coding Bootcamp,Skylab Coders Academy,99.0196,102,2,Barcelona,Coding Bootcamps and Full-Stack Web Development,
,The Iron Yard,86.6,100,2,,,https://www.theironyard.com/scholarships
Best Coding Bootcamp,DigitalCrafts,99.3939,99,3,Atlanta and Houston,Coding Bootcamps and Full-Stack Web Development,"Women and Veterans automatically receive scholarships to attend our Immersive and Flex Programs. If you do not qualify, we also sponsor The Builder Scholarship awarded to applicants with inspiring stories and goals. Email hello@digitalcrafts.com to learn more."
Best Coding Bootcamp,The Software Guild,93.7374,99,3,"Louisville, Minneapolis, and Online","Coding Bootcamps, Full-Stack Web Development, and Online Courses","Women In Tech Scholarship ($2,000), Veterans Who Code Scholarship ($2,000)"
Best Coding Bootcamp,Lighthouse Labs,86.1856,97,2,"Vancouver, Calgary, Toronto, Victoria, Montreal, and Ottowa","Coding Bootcamps, Full-Stack Web Development, and Bootcamp Prep",$850 credit for Intro course graduates
Best Coding Bootcamp,Code Fellows,95.1087,92,2,Seattle,"Coding Bootcamps, Mobile Development, and Full-Stack Web Development",Diversity Scholarships Available
Best Web Design Bootcamp,DESIGNATION,95.6322,87,4,Chicago and Online,"Web Design (UX/UI), Web Design (UX/UI), and Online Courses",
,Xccelerate,81.1494,87,3,Hong Kong,"Web Design (UX/UI), Data Science, Coding Bootcamps, Blockchain and Crypto, Bootcamp Prep, and Mobile Development",
Best Coding Bootcamp,LearningFuze,99.5349,86,1,"Orange County, Irvine, and San Diego","Coding Bootcamps, Full-Stack Web Development, Front-End Development, and Bootcamp Prep","$12305 average tuition for our full immersion program after scholarships, discounts & credits are applied. Visit https://learningfuze.com/faq#/discounts and contact us for further information"
Best Coding Bootcamp,Galvanize,81.6471,85,3,"Denver, San Francisco, Boulder, Seattle, Austin, Phoenix, NYC, Online, and Los Angeles","Coding Bootcamps, Data Science, Full-Stack Web Development, Digital Marketing, and Bootcamp Prep","One full scholarship per program, plus a Veterans Scholarship is available for veterans or active members of the Reserves or National Guard who demonstrate financial need."
Best Coding Bootcamp,Claim Academy,90.3614,83,3,St. Louis,Coding Bootcamps and Full-Stack Web Development,"$500 Women minority scholarship, $500 Veteran scholarship, $500 Women In Technology scholarship, $1000 College Upgrade scholarship"
Best Coding Bootcamp,Wyncode,94.3902,82,2,Miami,"Coding Bootcamps, Full-Stack Web Development, Front-End Development, Web Design (UX/UI), and Digital Marketing",Women In Tech Scholarships & Veteran Scholarships Available
Best Web Design Bootcamp,Noble Desktop,98.5185,81,1,NYC,"Front-End Development, Web Design (UX/UI), Coding Bootcamps, and Mobile Development",
,Udacity,55.8974,39,1,Online,Coding Bootcamps,
,Academia de C?digo,99.4737,38,1,"Lisbon, Porto, Terceira Island, and Fundao",Full-Stack Web Development and Coding Bootcamps,Unemployed teachers scholarship
Best Online Bootcamp,Helio Training Bootcamp,92.1053,38,2,Salt Lake City and Online,"Coding Bootcamps, Full-Stack Web Development, Online Courses, Web Design (UX/UI), and Mobile Development",Military and Women in Technology scholarships
,We Can Code IT,88.5714,35,3,Cleveland and Columbus,Coding Bootcamps and Full-Stack Web Development,"$1,000 Diversity Grant & VA Ch. 31 & 33 Benefits, GI Bill accepted"
,The Job Hackers,99.4118,34,1,San Francisco,IT Training and Coding Bootcamps,Free For People in Transition
,Intellipaat,90.8571,35,1,Bangalore,Data Science,
Best Coding Bootcamp,Bitmaker General Assembly,92.1212,33,2,Toronto and Online,"Coding Bootcamps, Full-Stack Web Development, Front-End Development, Product Management, Digital Marketing, and Web Design (UX/UI)",The General Assembly Scholarship Fund offers many opportunities for students.
,Institute of Code,100,32,1,Bali,Full-Stack Web Development and Digital Marketing,We have a number of scholarships available throughout the year. Visit our website for more details.
Best Data Science Bootcamp,The Dev Masters,99.375,32,2,"Santa Monica, Los Angeles, and Orange County","Data Science, Coding Bootcamps, and Blockchain and Crypto","Scholarships awarded for Veterans, Students, Diversity, Hardship, Doctoral, and Community Discounts."
Best Coding Bootcamp,SE Factory,98.125,32,1,Beirut,Full-Stack Web Development and Coding Bootcamps,Scholarships for All Accepted Students
Best Online Bootcamp,Byte Academy,93.75,32,2,"NYC, Bangalore, and Houston","Coding Bootcamps, Data Science, Full-Stack Web Development, Online Courses, and Blockchain and Crypto","$1000 scholarships to women and veterans. Enter ""Switchup"" in your Byte application to receive $500 off. Email scholarships@switchup.org to with your full name and ""Byte Academy"" in the title."
,DevelopMe_,100,31,2,Bristol,Coding Bootcamps,??pportunity Fund?? This enables us to train and up-skill a person from an underrepresented community on one of our introductory workshops for free
,LEARN Academy,96.129,31,2,San Diego,"Coding Bootcamps, Full-Stack Web Development, and Bootcamp Prep",Scholarships and $2000 Military Discounts
,Skill Distillery,96.129,31,4,Denver,Coding Bootcamps and Full-Stack Web Development,
Best Cyber Security Bootcamp,SecureSet Academy,90.9677,31,3,"Tampa, Colorado Springs, Washington, D.C., Denver, and Online","Cyber Security, IT Training, and Bootcamp Prep",
,Woz U,77.3333,30,3,Online,"Full-Stack Web Development, Cyber Security, Online Courses, Coding Bootcamps, and Data Science","Financial Literacy Grant, Hero Grant, and Student Success Grant"
,Rithm School,100,29,4,San Francisco,Coding Bootcamps and Full-Stack Web Development,"$1,000-$3,000 scholarships based on merit and need"
,Grace Hopper Program,100,28,3,NYC and Chicago,"Front-End Development, Women Coding Bootcamps, Coding Bootcamps, and Full-Stack Web Development",
Best Online Bootcamp,The Firehose Project,100,28,1,Online,"Coding Bootcamps, Online Courses, Full-Stack Web Development, Front-End Development, and Bootcamp Prep","Free Bootcamp Prep, TechHire Los Angeles"
,Austin Coding Academy,100,28,1,Austin and Online,"Coding Bootcamps, Full-Stack Web Development, and Web Design (UX/UI)",
Best Online Bootcamp,CodingNomads,100,27,1,"Playa del Carmen, Truckee, Barcelona, Koh Tao, Bali, and Online",Coding Bootcamps,"$500 Women In Tech, $500 Military, $500 ""Live the Dream"", up to 100% scholarships for locals"
,Technosoft Academy,96.2963,27,3,NYC,"Coding Bootcamps, Bootcamp Prep, and Full-Stack Web Development","scholarships for underrepresented groups in tech, including women, LGBT, Disable and veterans."
Best Online Bootcamp,Level,90.3704,27,2,"San Francisco, Online, Boston, Charlotte, Seattle, San Jose, and Toronto","Coding Bootcamps, Data Science, and University Coding Bootcamps",Partial scholarships available
,Mayden Academy,100,26,2,Bath,Product Management and Coding Bootcamps,
,Redwood Code Academy,99.2308,26,3,Orange County,Coding Bootcamps and Full-Stack Web Development,
Best Online Bootcamp,Bottega,93.8462,26,2,Online and Salt Lake City,"Front-End Development, Coding Bootcamps, Full-Stack Web Development, and Bootcamp Prep",
,RefactorU,86.1538,26,3,,,
,SheCodes,98.4,25,1,"Online, Lisbon, and Porto","Full-Stack Web Development, Front-End Development, Product Management, Coding Bootcamps, and Online Courses",Scholarships are given on a need-based basis. A discount of up to 25% is applied.
,School Of IT,97.1429,28,2,Cape Town,"Full-Stack Web Development, Front-End Development, IT Training, and Coding Bootcamps",
,Coding House,87.2,25,1,,,Yes
Best Data Science Bootcamp,Metis,98.0282,71,1,"NYC, San Francisco, Online, Chicago, Seattle, and Singapore","Data Science, Online Courses, and Bootcamp Prep","$3,000 bootcamp scholarships for women, underrepresented communities, & veterans or members of the U.S. military, and LGBTQ individuals."
,Savvy Coders,98.3333,24,1,"Saint Louis, Nashville, and Chattanooga",Web Design (UX/UI) and Coding Bootcamps,
,Grand Circus,91.6667,24,2,Detroit and Grand Rapids,"Coding Bootcamps, Mobile Development, Full-Stack Web Development, and Digital Marketing","$1,500 Automatic Diversity Scholarship on full-time coding bootcamps for women, veterans, and underrepresented minorities in tech."
,Concordia Bootcamps,89.1667,24,3,Montreal,"Coding Bootcamps, Full-Stack Web Development, Front-End Development, and University Coding Bootcamps",
Best Data Science Bootcamp,Jedha,100,23,1,Paris and Lyon,Data Science,
Best Online Bootcamp,B9lab Academy,92.1739,23,1,Online,"Blockchain and Crypto, Online Courses, and Coding Bootcamps",
,React GraphQL Academy,100,22,1,"London, Amsterdam, and Lisbon",Coding Bootcamps,Minority in tech ranging 20% discount to full tuition scholarship
,Code Platoon,100,22,3,Chicago and Online,Coding Bootcamps,"$10,000 Veteran Scholarship, $13,000 Women In Technology Scholarship, $13,000 Remote Attendance Scholarship"
,Orange County Code School,100,22,3,Orange County,Coding Bootcamps and Full-Stack Web Development,
,Green Fox Academy,95.4545,22,1,Budapest and Prague,Coding Bootcamps and Full-Stack Web Development,Prague : 30-80% scholarship
,SPICED Academy,95.4545,22,2,Berlin,Coding Bootcamps and Full-Stack Web Development,
Best Online Bootcamp,The Data Incubator,94.5455,22,1,"NYC, San Francisco, Washington, D.C., Boston, and Online",Data Science and Blockchain and Crypto,
,Duke University Continuing Studies,90.9091,22,1,Online,Digital Marketing and Data Science,
,Codify Academy,90.9091,22,1,San Francisco,Coding Bootcamps and Front-End Development,
,Zip Code Wilmington,100,21,3,Wilmington,"Coding Bootcamps, Bootcamp Prep, and Full-Stack Web Development","USO military scholarship, Needs-based $300 scholarship"
,Alchemy Code Lab,99.0476,21,2,Portland,Coding Bootcamps,Need-Based Diversity in Tech Scholarship; Merit-Based Alchemy Code Lab x WWCode Portland Scholarship
,Codaisseur,91.4286,21,1,Amsterdam,Full-Stack Web Development and Coding Bootcamps,??00 Scholarship for eligible candidates between 20 and 30 years of age
,We Got Coders,91.4286,21,1,London,Coding Bootcamps and Full-Stack Web Development,Graduate Scholarships for talented graduates looking to break in to web development. Free training & subsidised accommodation.
,MakerSquare,87.619,21,2,,,
,Big Nerd Ranch,100,20,1,Atlanta,"Coding Bootcamps, Mobile Development, Full-Stack Web Development, and Front-End Development","10% Discount for Alumni, Educators and Military"
,Viking Code School,100,20,1,Online,"Coding Bootcamps, Online Courses, Full-Stack Web Development, Front-End Development, and Bootcamp Prep",
,Montana Code School,100,20,2,Missoula and Bozeman,Coding Bootcamps,"A number of scholarships are available for women, Native American, veterans, and low income populations. Value set at $2000"
Best Web Design Bootcamp,New York Code and Design Academy,100,20,2,NYC and Philadelphia,"Coding Bootcamps, Web Design (UX/UI), and Full-Stack Web Development",
,Product Faculty,100,19,1,Toronto,Product Management,
,Bedu Tech,97.8947,19,1,Mexico City and Guadalajara,Full-Stack Web Development and Coding Bootcamps,
,Codeup,96.8421,19,4,San Antonio,Coding Bootcamps and Full-Stack Web Development,"Scholarships off the Full Stack Program for women, veterans, first responders, LGBTQIA+, as well as relocation."
,Israel Tech Challenge,95.7895,19,2,Tel Aviv,"Coding Bootcamps, Data Science, and Cyber Security","Excellence Scholarships, Masa Scholarship, New Immigrant Scholarship"
,Fast Track??,93.6842,19,1,Memphis and Nashville,Coding Bootcamps,Free for all participants
,Eleven Fifty Coding Academy,91.5789,19,2,Indianapolis,Coding Bootcamps,
,Coded,98.8889,18,2,Kuwait City,Coding Bootcamps,Third Party Full Scholarships Available
,Code Chrysalis,97.7778,18,2,Tokyo,Coding Bootcamps,
Best Coding Bootcamp,Dev Mountain,92.7027,74,2,"Salt Lake City, Phoenix, Dallas, Online, and Lehi","Coding Bootcamps, Mobile Development, Full-Stack Web Development, Front-End Development, and Web Design (UX/UI)",
,Northcoders,95.5556,18,2,Manchester and Leeds,Full-Stack Web Development and Coding Bootcamps,
,Software Development Academy,92.2222,18,3,"Bucharest, Bydgoszcz, Katowice, Krakow, Lublin, ??d?, Pozna?, Szczecin, Toru?, Tr?jmiasto, Warsaw, and Wroc?aw",Coding Bootcamps and Full-Stack Web Development,
,Coder Academy,87.7778,18,4,"Sydney, Brisbane, and Melbourne",Coding Bootcamps and Full-Stack Web Development,Women in Tech Scholarship (50% of Fees Covered) & Diversity Scholarships (50% of Fees Covered)
Best Online Bootcamp,OpenClassrooms,97.6471,17,1,Online,"Mobile Development, Front-End Development, Coding Bootcamps, Full-Stack Web Development, Product Management, and Web Design (UX/UI)",
,NuCamp,92.9412,17,1,"Online, Seattle, Tacoma, Marysville, Spokane, Bellingham, Albuquerque, Athens, Atlanta, Aurora, Austin, Baltimore, Baton Rouge, Bellevue, Berkeley, Billings, Boulder, Buffalo, Cambridge, Charleston, Charlotte, Chattanooga, Chicago, Cincinnati, Cleveland, Colorado Springs, Columbia, Columbus, Dallas, Denver, Detroit, Fairfield, Fargo, Fayetteville, Fort Collins, Fort Lauderdale, Fresno, Gainesville, Greensboro, Greenville, Honolulu, Houston, Indianapolis, Irvine, Jersey City, Kansas City, Knoxville, Las Cruces, Las Vegas, Lawrence, Lexington, Little Rock, Los Angeles, Louisville, Macon, Madison, Memphis, Miami, Milwaukee, Minneapolis, Murfreesboro, Nashville, New Orleans, NYC, Newark, Omaha, Orlando, Palm Beach, Philadelphia, Phoenix, Pittsburgh, Portland, Providence, Raleigh-Durham, Richmond, Riverside, Rochester, Sacramento, Salt Lake City, San Antonio, San Diego, San Francisco, San Jose, St. Louis, St. Petersburg, Stockholm, Tampa, Toledo, Tulsa, Tuscaloosa, Washington, D.C., Wilmington, and Wales","Mobile Development, Full-Stack Web Development, and Coding Bootcamps",
,NetCom Learning,92.9412,17,1,"Online, NYC, Las Vegas, Washington, D.C., Atlanta, Chicago, and Buffalo",IT Training and Sales,0
,Dev Academy,75.2941,17,3,Wellington,Coding Bootcamps,Te Uru Rangi (Maori in tech) and diversity scholarships (Women and under-represented people)
Best Online Bootcamp,Codecademy,72.3529,17,1,Online,"Coding Bootcamps, Online Courses, and Full-Stack Web Development",
,Rocket U,65.2941,17,3,,,
,Momentum,,16,2,Raleigh-Durham,Coding Bootcamps and Full-Stack Web Development,"$1,000 Military Veteran Scholarship, $1,000 Women in tech groups"
,Cambridge Spark Ltd,97.5,16,2,London and Cambridge,Data Science,
,CodeCraft School,96.25,16,2,,Coding Bootcamps and Full-Stack Web Development,"Please contact us at info@codecraftschool.com to get additional information, or to apply for a scholarship."
,Barcelona Code School,93.75,16,1,Online and Barcelona,Coding Bootcamps and Full-Stack Web Development,Special price for the early bird registration
,Hackbright Academy,71.25,16,3,"San Francisco, Oakland, and San Jose","Coding Bootcamps, Women Coding Bootcamps, and Bootcamp Prep",Full list of scholarships can be found here: http://hba.io/2hX3KBK
,Kal Academy,100,15,1,Seattle and Online,"Mobile Development, Full-Stack Web Development, Front-End Development, Coding Bootcamps, and Data Science",Scholarships offered on an individual basis
,Tradecraft,100,15,3,San Francisco,Web Design (UX/UI),
Best Online Bootcamp,Design Sprint School,98.6667,15,1,Online,Online Courses and Web Design (UX/UI),
Best Online Bootcamp,BitDegree,100,15,1,Online,Blockchain and Crypto,
Best Online Bootcamp,Science to Data Science,94.6667,15,1,Online and London,"Data Science, Online Courses, and Coding Bootcamps",A few scholarships exist for extraordinary candidates
,La Capsule,100,22,3,Paris,Full-Stack Web Development and Coding Bootcamps,
,Startup Ignition,92.8571,14,1,Salt Lake City,IT Training and Sales,
,ALPHA Camp,97.1429,14,1,Singapore,"Mobile Development, Full-Stack Web Development, Front-End Development, Product Management, Digital Marketing, Web Design (UX/UI), and Coding Bootcamps","Financial Support up to S$2,700"
,4Geeks Academy,97.1429,14,1,"Miami, Santiago, Caracas, and Maracaibo","Coding Bootcamps, Full-Stack Web Development, and Front-End Development","Women in Tech together with Bridges Unite, Lesbians Who Tech - inquire for details"
,Game Art Institute,100,13,1,Online,"Mobile Development, Online Courses, and Web Design (UX/UI)",
,Plataforma 5,98.4615,13,3,Buenos Aires,Coding Bootcamps,
,BoiseCodeWorks,98.4615,13,1,Boise,Coding Bootcamps and Full-Stack Web Development,JumpStart Scholarship ($250-$500)
,Blockgeeks,95.3846,13,1,Online,Blockchain and Crypto and Coding Bootcamps,
,Web Dev Camp,78.4615,13,2,Antskog,Coding Bootcamps,Diversity scholarships up to 20%
,Suncoast Developers Guild,100,12,3,Tampa,Full-Stack Web Development and Coding Bootcamps,"$1,900 Minorities in Tech Scholarship"
,Studytheblockchain,100,12,1,Online,Blockchain and Crypto and Online Courses,
,Market Campus,100,10,1,,Digital Marketing,
,Constructor Labs,100,9,1,London,Full-Stack Web Development and Coding Bootcamps,
,Starter League,100,9,4,Chicago,Coding Bootcamps,Partial Scholarships Available
,Project Shift,97.7778,9,3,Raleigh-Durham,Full-Stack Web Development and Coding Bootcamps,"Scholarships available, inquire during application"
,Coder Vox,95.5556,9,2,Online,Coding Bootcamps,"$500 scholarships - just add ""SwitchUp"" in your application contact info@switchup.org to receive scholarship scholarship"
,Coding Bootcamps by MAX Technical Training,93.3333,9,3,Cincinnati,Coding Bootcamps,"$1,000 - Women in Tech Scholarship , $1,000 Vets in Tech"
,UT Austin Boot Camps,77.7778,9,3,Austin,"Coding Bootcamps, University Coding Bootcamps, Web Design (UX/UI), and Data Science",
,Digital Marketing Institute,64.4444,9,3,Online,Digital Marketing,
,LaunchCode,57.7778,9,3,"Saint Louis, Kansas City, Miami, and Tampa","Coding Bootcamps, Front-End Development, and Full-Stack Web Development",
,Beach Coders,100,8,1,Los Angeles,"Coding Bootcamps, Front-End Development, Web Design (UX/UI), Blockchain and Crypto, and Full-Stack Web Development",10% military scholarship credit
,IBG Institute,97.5,8,3,Charlotte and Online,Mobile Development,
,Ada Developers Academy,100,8,1,Seattle,Coding Bootcamps,Scholarships are available to students enrolled in the program
,School of Accelerated Learning,87.5,8,1,Hyderabad,Full-Stack Web Development and Coding Bootcamps,Need and merit based scholarships aviailable. Ranging from 25 -100% of tuition.
,The Guild of Software Architects,100,7,2,,,$1000 for women or $3000 for qualified veterans and their spouses.
,CodeStream Labs,100,7,3,,Coding Bootcamps,
,Accelerate Tech Learning,100,5,4,Kansas City,"Full-Stack Web Development, IT Training, and Coding Bootcamps",$4000 Scholarship for any resident of Kansas City
,Ruby On The Beach,100,5,2,,,indonesian nationals may attend on full scholarship
,UofT SCS Boot Camps,100,5,3,Toronto,University Coding Bootcamps,
,ACC Web Developer Bootcamp,100,5,3,Austin,University Coding Bootcamps and Coding Bootcamps,
,Ivy Data Science,100,5,1,,,20% Scholarships
,School of Devs,100,5,3,,,
,Digital Creative Institute,100,4,3,Austin and San Antonio,"Front-End Development, Digital Marketing, Web Design (UX/UI), and Data Science",
,WeThinkCode_,100,4,1,Cape Town and Johannesburg,Full-Stack Web Development and Coding Bootcamps,
,Moringa School,100,4,3,Nairobi,Coding Bootcamps,early application discounts available!
,Mums in Technology,100,4,1,London,Coding Bootcamps,
,Free Code Camp,100,4,3,Online,Online Courses,Free for everyone
,Shillington School,100,4,3,NYC,,
,CodeBoxx,100,5,3,Quebec,"Bootcamp Prep, Mobile Development, Full-Stack Web Development, and Front-End Development",
,Southern Careers Institute,100,4,3,,,
,The Hacking School,100,4,1,Hyderabad,Full-Stack Web Development and Coding Bootcamps,"Women Scholarships, Merit-Based Scholarships"
,Promotable,98.3333,12,1,"San Francisco, Chicago, Washington, D.C., and Online",Coding Bootcamps and Data Science,
,MUKTEK Academy,98.3333,12,1,Mexico City,Full-Stack Web Development and Coding Bootcamps,20% diversity scholarship; 95% social impact scholarship
,Origin Code Academy,93.3333,12,3,San Diego,Coding Bootcamps,
,VIVADATA,100,11,2,Paris,Coding Bootcamps and Data Science,
,Wild Code School,96.3636,11,2,"Paris, Brussels, London, Berlin, Bordeaux, Bucharest, Lille, Lyon, Madrid, and Marseille","Mobile Development, Full-Stack Web Development, and Coding Bootcamps","Women's Scholarship, 5% Prepay discount"
,Make School,96.3636,11,4,San Francisco,"Coding Bootcamps, Full-Stack Web Development, Mobile Development, University Coding Bootcamps, and Front-End Development",Scholarships and Financial Aid are available.
,Data Science Retreat,96.3636,11,1,Berlin,Data Science,no
,Prime Digital Academy,96.3636,11,3,Minneapolis,Coding Bootcamps,"$1,000 for women, $500 for veterans"
,The App Academy NL,94.5455,11,1,Amsterdam,Coding Bootcamps and Mobile Development,
Best Online Bootcamp,Treehouse,83.6364,11,1,Online,"Online Courses, Coding Bootcamps, Mobile Development, Front-End Development, and Full-Stack Web Development",
,Devschool,68.1818,11,3,,,
,WeCloudData,100,10,3,Toronto,Data Science,
,Evolve Machine Learners,100,10,1,Jakarta and Lahore,"Data Science, Online Courses, and Coding Bootcamps",Scholarships are available
,The Odin Project,100,10,3,Online,Bootcamp Prep and Full-Stack Web Development,
,Covalence,100,10,2,Online,"Coding Bootcamps, Full-Stack Web Development, Front-End Development, Bootcamp Prep, and Online Courses",$500 Early Application Discount
,DevPoint Labs,91.4286,7,2,Salt Lake City,"Coding Bootcamps, Data Science, Full-Stack Web Development, University Coding Bootcamps, and Web Design (UX/UI)",Female & Diversity in Tech Scholarship
,One Month,85.7143,7,1,Online,Online Courses and Bootcamp Prep,
,Mobile Makers Edu,77.1429,7,2,,,
,42 School,74.2857,7,1,Paris and Silicon Valley,Coding Bootcamps,Tuition is $0 - all programs are free.
,CodeClan,74.2857,7,1,Edinburgh and Glasgow,Coding Bootcamps,
,Learners Guild,34.2857,7,3,Oakland,,
,Coding Experiences,100,6,1,"Mexico City, Bali, Playa del Carmen, and Costa Rica","Full-Stack Web Development, Digital Marketing, and Coding Bootcamps",$500 Veteran Scholarship
,Hackwagon Academy,100,6,1,Singapore,"Full-Stack Web Development, Coding Bootcamps, Data Science, and Cyber Security",Yes
,Tech Career Booster,100,6,1,Online,"Coding Bootcamps, Full-Stack Web Development, and Online Courses",
,GrowthX Academy,100,6,3,Online and San Francisco,Sales and Web Design (UX/UI),
,AlwaysHired,100,6,1,San Francisco,Sales,Honorable Veterans with DD214 whom get a job with a partner pay no tuition. Full 3 week training still provided.
,CoderSchool,100,6,1,Ho Chi Minh and Hanoi,"Coding Bootcamps, Blockchain and Crypto, and Full-Stack Web Development",
,World Tech Makers,100,6,1,"Bogota, Barcelona, Medellin, Mexico City, Sao Paulo, Rio de Janeiro , Guadalajara, and Madrid","Coding Bootcamps, Online Courses, and Full-Stack Web Development",Up to $500
,Inventive Academy,96.6667,6,3,Austin,Full-Stack Web Development and Coding Bootcamps,
,InternStreet,96.6667,6,1,Online,"Mobile Development, Full-Stack Web Development, Front-End Development, Online Courses, Digital Marketing, and Web Design (UX/UI)",
,Sydney Dev Camp,100,3,2,,,
,Jaaga,100,3,1,Bangalore,Coding Bootcamps,
,Fire Bootcamp,100,3,1,"Melbourne, San Francisco, and Sydney",Coding Bootcamps,
,Insight Data Science,100,3,1,"Silicon Valley, NYC, Seattle, and Boston",Data Science,Need-based
,Zipfian Academy,100,3,4,San Francisco,,
,Nashville Software School,100,3,3,Nashville,Coding Bootcamps,
,Code Remote,93.3333,3,1,Bali,Full-Stack Web Development and Coding Bootcamps,
,NYC Career Centers,93.3333,3,1,NYC,IT Training,
,Udemy,86.6667,3,1,Online,Online Courses and Blockchain and Crypto,
,UC Irvine Boot Camps,100,3,3,Irvine,Coding Bootcamps and University Coding Bootcamps,
,Disruption Institute,100,3,3,Kansas City,Coding Bootcamps,
,LEARN TO CODE LONDON,73.3333,3,3,Online,Online Courses,
,Academy X,66.6667,3,1,San Francisco and Los Angeles,Front-End Development and Web Design (UX/UI),
,10x org il,66.6667,3,3,Tel Aviv,Data Science,
,DesignerUp,100,2,1,Online,Online Courses,
,Magnimind Academy,100,2,1,Santa Clara,Bootcamp Prep and Data Science,
,Sputnik,100,2,4,London,"Full-Stack Web Development, Product Management, Web Design (UX/UI), and Coding Bootcamps",Scholarships are available.
,UX Design Institute,100,2,1,Online,Web Design (UX/UI) and Coding Bootcamps,
,CodeOp,100,2,2,Kuala Lumpur and Barcelona,"Full-Stack Web Development, Women Coding Bootcamps, Coding Bootcamps, and Data Science",Limited number of partial scholarships ranging from 10-50% reduction to the cost of tuition on a competitive basis.
,Principal Analytics Prep,100,2,1,NYC,Data Science,
,Real Time College,100,2,3,Tel Aviv,Coding Bootcamps,
,Elewa Bootcamps,100,2,2,Brussels,Full-Stack Web Development and Coding Bootcamps,N/A
,Reboot AI,100,2,3,Hong Kong,IT Training and Coding Bootcamps,
,Kenzie Academy,100,2,3,Indianapolis,"Full-Stack Web Development, Front-End Development, and Coding Bootcamps",
,Developers In Vogue,100,2,1,Accra,Full-Stack Web Development and Coding Bootcamps,Full scholarships and partial scholarships are available
,Asia Dev Academy,100,2,1,Kuala Lumpur,Mobile Development and Full-Stack Web Development,
,Upscale Academy,100,2,2,Online and Los Angeles,Front-End Development and Coding Bootcamps,"Nirmam full scholarship for highly motivated students with low-income, Veterans and underrepresented minorities are applicable for 25% discount"
,2020Shift,100,2,1,NYC,Coding Bootcamps and Product Management,
,Craft Academy,100,2,2,"Stockholm, Gothenburg, Pretoria, and Online",Coding Bootcamps and Full-Stack Web Development,
,Georgia Tech Boot Camps,100,2,2,Atlanta and Savannah,Coding Bootcamps and University Coding Bootcamps,
,ASI Data Science,100,4,1,London,Data Science and Coding Bootcamps,
,Turn To Tech,100,4,1,NYC,"Coding Bootcamps, Mobile Development, Cyber Security, and IT Training",Ask us about our Scholarship and Financing options!
,"The Recurse Center, aka Hacker School",100,4,3,NYC,Coding Bootcamps,Up to $7000 in Need-Based Grants for women and minorities
,Epitech Coding Academy,100,4,3,,,
,Pursuit,100,4,1,NYC,"Mobile Development, Full-Stack Web Development, and Coding Bootcamps",
,UC San Diego Extension Boot Camps,100,4,3,San Diego,"Coding Bootcamps, University Coding Bootcamps, and Full-Stack Web Development",
,Coder Space,100,4,1,Liverpool,Full-Stack Web Development and Coding Bootcamps,
,IE Exponential Learning,100,3,2,Madrid,"Online Courses, Digital Marketing, and Data Science","Scholarships are geared towards assisting high potential candidates. Scholarships such as Women in Data, or Summer Data Challenge can cover up to 50% tuition fees."
,Tortuga Coders,100,3,1,Koh Samui,"Bootcamp Prep, Full-Stack Web Development, Front-End Development, Product Management, and Coding Bootcamps",
,Simpliv,100,3,1,Online,"Online Courses, Cyber Security, and IT Training",
,Function Camp,100,3,4,Online,Full-Stack Web Development and Online Courses,
,Skillspire,100,3,1,Bellevue and Seattle,"Full-Stack Web Development, Coding Bootcamps, and Data Science",Scholarships are provided on a need basis
,Devtree Academy,100,3,1,Sandpoint,Full-Stack Web Development and Coding Bootcamps,
,23 Code Street,100,3,1,London,"Women Coding Bootcamps, Coding Bootcamps, and Full-Stack Web Development",Ask us for details
,Codemaster Institute,100,3,3,Perth,"Coding Bootcamps, Front-End Development, and Web Design (UX/UI)",
,EDIT Disruptive Digital Education,100,1,1,"Lisbon, Porto, and Madrid","Front-End Development, Product Management, Digital Marketing, Web Design (UX/UI), and Coding Bootcamps",
,City Internships,100,1,2,"Los Angeles, NYC, and London","Front-End Development, IT Training, and Sales",$500 Together We Thrive Scholarship: Join With A Friend
,Propulsion Academy,100,1,3,Zurich,"Coding Bootcamps, Data Science, and Full-Stack Web Development","Apply by 11/30/16 to get CHF 10,000 off tuition!"
,GW Boot Camps,100,1,3,"Washington, D.C. and Arlington",Coding Bootcamps and University Coding Bootcamps,
,UCF Coding Bootcamp,100,1,3,Orlando,Coding Bootcamps and University Coding Bootcamps,
,Maven,100,1,2,,,
,Girl Develop It,100,1,3,"Boston, Los Angeles, San Francisco, San Diego, San Jose, Boulder, Denver, Fort Collins, Wilmington, Washington, D.C., Miami, Tampa, Atlanta, Boise, Chicago, Phoenix, Indianapolis, Louisville, Baltimore, Oakland, Detroit, Minneapolis, Kansas City, Albuquerque, NYC, Charlotte, Cincinnati, Columbus, Providence, Portland, Salt Lake City, Provo, Austin, Dallas, Houston, Philadelphia, Pittsburgh, Milwaukee, Seattle, and Burlington",,
,HackSchool,100,1,3,Mexico City,Coding Bootcamps and Data Science,
,Port Academy,100,1,3,Oakland,Coding Bootcamps,
,World Tech Academy,100,1,3,Provo,Coding Bootcamps and Front-End Development,
,Think Academy,100,1,1,NYC,"Coding Bootcamps, Full-Stack Web Development, and Front-End Development",10% - Scholarships available for underrepresented groups in tech including women and veterans. Email help@thinkacademy.io to inquire about eligibility!
,Vital Accelerator,100,1,1,,,$5000 Scholarships
,Data Society,100,1,1,Online,Data Science,Email your details for scholarship opportunities
,Atlanta Code,100,1,1,Atlanta,Coding Bootcamps and Data Science,
,HappyFunCorp Technology Academy,100,1,3,NYC,Data Science,
Best Online Bootcamp,Altcademy,97.8378,74,1,Online,"Coding Bootcamps, Data Science, and Blockchain and Crypto",
Best Coding Bootcamp,devCodeCamp,95.0685,73,4,Milwaukee,Coding Bootcamps,
Best Coding Bootcamp,Skillcrush,89.3151,73,1,Online,"Online Courses, Full-Stack Web Development, Front-End Development, Web Design (UX/UI), and Women Coding Bootcamps",
Best Coding Bootcamp,CareerFoundry,88.4932,73,1,Online and Berlin,"Coding Bootcamps, Web Design (UX/UI), Online Courses, Mobile Development, Full-Stack Web Development, and Front-End Development",Contact us for scholarship offers
Best Coding Bootcamp,Neoland,95.5556,72,1,"Madrid, Barcelona, and Online","Full-Stack Web Development, Web Design (UX/UI), and Coding Bootcamps","Up to 1,500??Scholarship"
Best Coding Bootcamp,RED Academy,90.5714,70,3,"London, Vancouver, and Toronto","Coding Bootcamps, Full-Stack Web Development, Digital Marketing, and Web Design (UX/UI)",Early bird tuition pricing is available - contact Admissions for more details.
,Holberton School,92.0588,68,1,"San Francisco, New Haven, Medellin, and Bogota",Full-Stack Web Development and Coding Bootcamps,Kelvin Beachum Scholarship
Best Coding Bootcamp,Coding Temple,98.1538,65,3,"Austin, Dallas, Chicago, Boston, Washington, D.C., and Online",Coding Bootcamps and Full-Stack Web Development,"$500 SwitchUp Scholarship, $500 Women in Tech, $500 Veterans Scholarship, $500 College Student Scholarship"
,NEXT Academy,91.5625,64,1,Singapore and Kuala Lumpur,"Coding Bootcamps, Full-Stack Web Development, and Digital Marketing",
Best Coding Bootcamp,Code Institute,89.375,64,2,Dublin and Online,"Coding Bootcamps, Bootcamp Prep, Full-Stack Web Development, and Online Courses",
,Coding Bootcamp Praha,96.3333,60,1,Prague,Coding Bootcamps and Full-Stack Web Development,10 % early bird discount
Best Coding Bootcamp,Turing School of Software and Design,97.1429,56,4,Denver,"Coding Bootcamps, Full-Stack Web Development, and Front-End Development",Diversity scholarship and multiple financing options available.
,Northeastern University,96.6667,6,1,Boston,Data Science Masters,
,Deep Dive Coding,93.3333,6,2,Albuquerque,Coding Bootcamps and Full-Stack Web Development,Full tuition from W.K. Kellogg Foundation for qualified local applicants
,Destination Dev,86.6667,6,1,Medellin,Coding Bootcamps and Full-Stack Web Development,None at the moment
,DaVinci Coders,83.3333,6,2,Denver,Coding Bootcamps,$200 off
,Northwestern Boot Camps,100,6,3,Chicago and Evanston,Coding Bootcamps and University Coding Bootcamps,
,San Diego Code School,100,5,1,San Diego,"Full-Stack Web Development, Front-End Development, and Coding Bootcamps",
,Bogot? Bootcamp,100,5,4,"Bogota, Philadelphia, and Online",Full-Stack Web Development and Coding Bootcamps,We offer scholarships to motivated students. Please email nico@bogotabootcamp.com to learn more. We also offer assistance with laptops if you need one for class.
,Microverse,100,5,1,Online,Full-Stack Web Development and Coding Bootcamps,
,Kickstart Coding,100,5,1,Oakland and San Francisco,Full-Stack Web Development and Coding Bootcamps,$1000+ discount for individuals
,KnowledgeHut,100,5,3,Online,,
,Beginex,100,5,1,NYC,Web Design (UX/UI) and Coding Bootcamps,
,iLoveCoding,100,5,3,Online,Online Courses,
,Velocity 360,100,5,1,NYC,Coding Bootcamps,"$1,000 scholarship for women"
,Elium Academy,100,5,1,,,
,Code Career Academy,100,5,2,Online and Atlanta,"Coding Bootcamps, Bootcamp Prep, and Full-Stack Web Development",
,Coderversity,100,2,2,Online,Online Courses and Coding Bootcamps,$500 for Minorities & Women
,Tutorials Point,100,2,3,Online,Coding Bootcamps and Online Courses,
,UW Professional Continuing Education,100,2,1,Bellevue and Online,IT Training,
,University of Arizona Boot Camps,100,2,3,Phoenix,Coding Bootcamps and University Coding Bootcamps,
,Bit Bootcamp,100,2,1,NYC,Data Science and Coding Bootcamps,
,UC Berkeley Data Science,100,2,4,Berkeley,"Coding Bootcamps, Data Science, and Online Courses",
,Try Ruby,100,2,3,,,
,UNC Charlotte Boot Camps,100,2,3,Charlotte,Coding Bootcamps and University Coding Bootcamps,
,Learn Modern-developer,100,2,3,,,
,Carolina Code School,100,2,1,Greenville,Full-Stack Web Development and Coding Bootcamps,
,Academy,100,2,3,Stockholm,Coding Bootcamps,
,Go-Live Labs,100,2,3,,,
,Untapped Code Academy,100,1,2,Cincinnati,Full-Stack Web Development and Coding Bootcamps,"One full scholarship offered per term, based on need."
,Codeasy,100,1,1,,Full-Stack Web Development and Online Courses,
,Campus Boream,100,1,2,Madrid,"Full-Stack Web Development, Front-End Development, and Coding Bootcamps",
,Rutgers Bootcamps,100,2,3,Somerset and Jersey City,"Coding Bootcamps, University Coding Bootcamps, and Data Science",
,UCLA Extension Boot Camps,100,2,3,Los Angeles,"Coding Bootcamps, University Coding Bootcamps, and Full-Stack Web Development",
,Developer Bootcamp,100,2,1,Online,Coding Bootcamps,Veterans receive 20% off track prices.
,K2 Data Science,100,2,2,Online,Online Courses and Data Science,
,DeVry Bootcamp,100,2,2,,,
,Refcode,100,2,1,Atlanta,Coding Bootcamps,Tuition-Free for Refugees
,CodeCore Bootcamp,100,2,1,Vancouver,Coding Bootcamps and Full-Stack Web Development,$500 Scholarship for Women
,codeschool,100,2,1,Online,Online Courses,
,Pdx Code Guild,100,2,2,Portland,Coding Bootcamps,"Some scholarships are available through the State of Oregon. We also offer a $2,000 in-house discount to persons underrepresented in tech including, but not limited to: Members of the LGBTQ Community, Women, and POC."
,Launch School,100,2,1,Online,Coding Bootcamps and Online Courses,
,Codenotch,100,2,2,Madrid,Full-Stack Web Development and Coding Bootcamps,$1795 scholarships are available for those who are accepted into the program
,SoftStack Factory,100,2,1,San Diego,"Mobile Development, Full-Stack Web Development, Front-End Development, and Coding Bootcamps",
,Berkeley Boot Camps,100,2,3,Berkeley and San Francisco,"Coding Bootcamps, University Coding Bootcamps, Web Design (UX/UI), and Data Science",
,Awesome Inc U,100,2,3,Lexington,Coding Bootcamps and Full-Stack Web Development,$500 scholarships available
,Code Cloud,100,2,1,Online,,
,AltCampus,100,1,1,,Full-Stack Web Development and Coding Bootcamps,
,Boot Camp Digital,100,1,1,"Online, San Francisco, Miami, Washington, D.C., and Chicago",Digital Marketing,
,Elbrus Coding Bootcamp,100,1,1,Moscow,Full-Stack Web Development and Coding Bootcamps,
,Simplilearn,100,1,1,,"Cyber Security, IT Training, and Data Science",$1000 Student Scholarship
,School of Code Bootcamp,100,1,1,Birmingham,Full-Stack Web Development and Coding Bootcamps,
,Columbia Engineering Boot Camps,100,1,3,NYC,Full-Stack Web Development and University Coding Bootcamps,
,CODEBASE,100,1,2,Savannah,,
,NYIM Training,100,1,1,NYC,IT Training,
,Digital Workshops,100,1,3,Irvine,Digital Marketing,
,Digital House,100,1,3,Buenos Aires,"Mobile Development, Full-Stack Web Development, Digital Marketing, Web Design (UX/UI), Coding Bootcamps, and Data Science",
,CVCC Coding Bootcamp,100,1,2,Cleveland,,Course Qualifies for $6000 Federal WIOA Funding
,Seattle U Web Development Certificate,100,1,1,Seattle,"University Coding Bootcamps, Front-End Development, and Coding Bootcamps",
,Agile for Patriots,100,1,3,Dallas,Full-Stack Web Development and Coding Bootcamps,
,Impact Byte,100,1,1,Jakarta,Full-Stack Web Development and Coding Bootcamps,"$220 Women in Tech, $220 Social / NGO Entrepreneurs, $75 Career Changers"
,Google Summer of Code,100,1,3,,Coding Bootcamps,
,USC Viterbi Data Analytics Boot Camp Affiliated with Trilogy Education,100,1,3,Los Angeles,University Coding Bootcamps and Coding Bootcamps,
,TK2 Academy,100,1,2,Fort Lauderdale,"Mobile Development, Full-Stack Web Development, and Coding Bootcamps",Inquire for scholarships.
,Elevation Academy,100,1,1,,,
,Cultivating Coders,100,1,1,Albuquerque and Las Cruces,Coding Bootcamps,Tuition Assitance Available for All Qualified Individuals
,Baker College,100,1,1,,Data Science Masters,
,University of Southern California,100,1,1,Los Angeles,Data Science Masters,
,University of Central Florida,100,1,1,Orlando,Data Science Masters,
,Fordham University,100,1,4,,Data Science Masters,
,Code Ninja,100,1,3,,,"$500 Veteran, Unemployed, Hispanic, Scholarships Available"
,Omaha Code School,100,1,2,,,
,Ait Learning,100,1,3,,,
,Big D Code,100,1,3,,,No
,Talentbuddy,100,1,1,Online,Coding Bootcamps,
,The Jump,,0,2,London,"Full-Stack Web Development, Front-End Development, and Coding Bootcamps",
,allWomen,,0,2,Barcelona,"Product Management, Web Design (UX/UI), Coding Bootcamps, and Data Science",Hiring companies sometime sponsor scholarships.
,Blue Ocean Coding,100,1,3,Columbus and Cleveland,Full-Stack Web Development and Coding Bootcamps,
,Bytecamp,100,1,3,,,
,Mindteck Academy,100,1,1,Online,Coding Bootcamps and Online Courses,N/A
,Alphappl,100,1,3,,,
,Data Science Europe Bootcamp,100,1,3,Dublin,Data Science,
,Microsoft Research Data Science Summer School,100,1,3,NYC,Data Science and IT Training,
,Hackership San Francisco,100,1,3,,,
,Codecademy Labs,100,1,1,,,
,Texas A&M University,100,1,4,Online,Data Science Masters,
,Drexel University,100,1,2,,Data Science Masters,
,Geekwise Academy,100,1,3,Fresno,"Coding Bootcamps, Mobile Development, and Full-Stack Web Development",
,Ns Screencasts,100,1,3,Online,Coding Bootcamps and Online Courses,
,American Graphics Institute,100,1,3,Boston,Web Design (UX/UI),
,Ahyoxsoft Java Bootcamp,100,1,4,Lagos,Coding Bootcamps,"Partial tuition fee waiver scholarship: 25%, 50% and 70% off tuition fee"
,Centriq Training,100,1,4,Kansas City,Coding Bootcamps and Data Science,
,Vvork Cloud Technologies,,0,1,Lahore,Full-Stack Web Development and Coding Bootcamps,"Yes, 50% scholarships are available."
,Skills Abroad,,0,4,"Kuala Lumpur, Hanoi, Chiang Mai, and Kaohsiung City",Front-End Development and Coding Bootcamps,
,BBK Bootcamp,,0,1,Bilbao,Full-Stack Web Development and Coding Bootcamps,10% discount for early enrollments
,Hack a BOS,,0,2,A Coruna,Full-Stack Web Development and Coding Bootcamps,"Some students, in month 2, can continue learning with a partner company that will pay some money to reduce the student's payment."
,Pluralsight,,0,1,Online,"Mobile Development, Full-Stack Web Development, Front-End Development, Cyber Security, Product Management, Web Design (UX/UI), and Data Science",
,ikigaiHub,,0,1,Bangalore,"Full-Stack Web Development, Front-End Development, Digital Marketing, and Coding Bootcamps","Available for specially-abled Applicants coming from under-privileged society with not enough exposure to opportunities , and Applicants with academic and extra-curricular achievements."
,CodeSpace,,0,1,Cape Town,"Full-Stack Web Development, Coding Bootcamps, and Web Design (UX/UI)",Woman's Bursary Scholarship and financial assistance offered
,Cal Poly Coding Bootcamp,,0,3,Online,"Full-Stack Web Development, University Coding Bootcamps, and Coding Bootcamps",Cal Poly Alumni Scholarship: 10% tuition scholarship for Alumni of Cal Poly
,_nology,,0,2,"Bristol, Bath, and London","Mobile Development, Full-Stack Web Development, IT Training, and Coding Bootcamps",
,San Diego Global Knowledge University,,0,3,Online,"Full-Stack Web Development, University Coding Bootcamps, and Coding Bootcamps",
,Programming 101,,0,1,Online,Bootcamp Prep and Coding Bootcamps,
,UWM Coding Bootcamp,,0,3,Online,"Full-Stack Web Development, University Coding Bootcamps, and Coding Bootcamps",
,iTek Institute,,0,1,Online,Online Courses and Coding Bootcamps,
,Generation Code,,0,1,"Washington, D.C.",IT Training and Coding Bootcamps,
,Humind School,,0,1,Paris,"Front-End Development, IT Training, Sales, Product Management, Digital Marketing, and Coding Bootcamps",Yes - please inquire
Best Online Bootcamp,Dataquest,98.3246,191,1,Online,Data Science and Online Courses,
Best Coding Bootcamp,Actualize,97.907,172,3,Chicago and Online,"Coding Bootcamps, Full-Stack Web Development, and Online Courses","Diversity in Tech Scholarship, Women in Tech Scholarship"
Best Coding Bootcamp,Makers Academy,91.4118,170,2,London,"Coding Bootcamps, Full-Stack Web Development, and Front-End Development",?500 discount for women and Fellowship program
Best Coding Bootcamp,Codesmith,98.0368,163,1,"Los Angeles, NYC, and Online","Coding Bootcamps, Bootcamp Prep, Online Courses, and Full-Stack Web Development","Codesmith offers scholarships to those underrepresented in the tech industry, prior bootcamp grads, women, and those who go above and beyond."
Best Coding Bootcamp,BrainStation,94.6497,157,1,"NYC, Toronto, Vancouver, and Online","Coding Bootcamps, Web Design (UX/UI), Digital Marketing, Mobile Development, Full-Stack Web Development, Product Management, Online Courses, and Data Science","Merit Scholarship, University & College Student Scholarship, Entrepreneur in Technology Scholarship , Scholarship for Non-Profit Employees, Women in Development Scholarship"
Best Online Bootcamp,RMOTR,98.3893,149,1,Online,"Online Courses, Coding Bootcamps, Full-Stack Web Development, and Data Science","RMOTR offers scholarships for women, veterans, low-income, and other under-represented groups in tech."
Best Coding Bootcamp,Tech Talent South,94.0541,148,2,"Raleigh-Durham, Charlotte, Asheville, Atlanta, New Orleans, Phoenix, Dallas, San Antonio, Wilmington, Columbus, and Hartford","Coding Bootcamps, Full-Stack Web Development, and Data Science","Women in Tech, Diversity, Veteran, Recent Graduate, and Rockstar Scholarships"
Best Coding Bootcamp,Lambda School,97.3611,144,1,Online,"Online Courses, Front-End Development, Full-Stack Web Development, Bootcamp Prep, Mobile Development, Coding Bootcamps, and Data Science",
Best Coding Bootcamp,Epicodus,95.035,143,2,Portland and Seattle,"Coding Bootcamps, Full-Stack Web Development, and Front-End Development",
Best Coding Bootcamp,Startup Institute,87.8986,138,2,Boston,"Coding Bootcamps, Web Design (UX/UI), Web Design (UX/UI), Digital Marketing, Full-Stack Web Development, Front-End Development, and Sales","Inclusion Scholarships: Women in Tech; People of Color in Tech; Seasoned Professionals in Tech (age 40+); Veterans??Scholarship (automatic $1,000 off tuition); Excellence in STEM Scholarship"
,Hacktiv8,98.6765,136,4,Jakarta,Coding Bootcamps,"Full Scholarship with Taralite, Full Scholarship with Kudo, Full Scholarship with HACKTIV8"
,Product Gym,99.8485,132,1,NYC,Product Management,N/A
Best Web Design Bootcamp,UXER School,96.7692,130,1,"Madrid, Barcelona, and Valencia",Web Design (UX/UI),
Best Online Bootcamp,Designlab,93.5537,121,1,Online,"Web Design (UX/UI), Web Design (UX/UI), and Online Courses",
Best Coding Bootcamp,Fullstack Academy,98.0769,104,3,"NYC, Chicago, and Online","Coding Bootcamps, Full-Stack Web Development, Front-End Development, Online Courses, Bootcamp Prep, and Cyber Security",$1000 Ada Lovelace Scholarship
,The Den,,0,1,Silicon Valley,Blockchain and Crypto and Coding Bootcamps,Yes
,Umuzi,,0,3,,Web Design (UX/UI) and Data Science,
,KMMX,,0,1,Mexico City,"Full-Stack Web Development, Online Courses, and Coding Bootcamps",Ask for discounts
,UW Extended Campus Coding Boot Camp,,0,3,,Full-Stack Web Development and University Coding Bootcamps,
,Vanderbilt University Boot Camps,,0,3,Nashville,Full-Stack Web Development and University Coding Bootcamps,
,University of Oregon Boot Camps,,0,3,Portland,Full-Stack Web Development and University Coding Bootcamps,
,Moat Academy,,0,3,Lagos,Full-Stack Web Development and Coding Bootcamps,
,AlbanyCanCode,,0,1,Albany,Front-End Development and Coding Bootcamps,
,codeX,,0,3,Cape Town,Full-Stack Web Development and Coding Bootcamps,
,Academic Work Academy,,0,1,,Full-Stack Web Development and Coding Bootcamps,
,Alliance for Digital Employability,,0,1,,Full-Stack Web Development and Coding Bootcamps,
,nTier Training,,0,1,Atlanta,"Mobile Development, Full-Stack Web Development, Front-End Development, Cyber Security, IT Training, Coding Bootcamps, and Data Science",
,iKompass,,0,1,Online and Singapore,"Mobile Development, Full-Stack Web Development, Coding Bootcamps, and Data Science",Eligible applicants can apply for government funding of 70-90% of tuition coverage.
,Twin Cities Code Camp,,0,3,,Coding Bootcamps,
,Burlington Code Academy,,0,2,Hartford and Burlington,Full-Stack Web Development and Coding Bootcamps,
,Tecky Academy Limited,,0,2,Hong Kong,"Bootcamp Prep, Full-Stack Web Development, Front-End Development, Cyber Security, Product Management, Coding Bootcamps, and Data Science",They offer monetary scholarships to those who complete a project sponsored by their partner companies.
,Jax Code Academy,,0,1,Jacksonville,"Bootcamp Prep, Full-Stack Web Development, Front-End Development, and Online Courses",
,Boolean Careers,100,1,2,Online,Online Courses,One full scholarship per course (of 25 students) based on admission test results.
,Education Ecosystem,,0,1,Online,Online Courses,
,Wagner College bootcamps,,0,2,NYC and Online,"Full-Stack Web Development, University Coding Bootcamps, Front-End Development, Cyber Security, Online Courses, and Data Science",Internal scholarship provided by the school that student can apply to upon enrollment.
,UpCode Academy,,0,1,Singapore,"Cyber Security, Coding Bootcamps, and Data Science",
,Reify Academy,,0,1,Online,Online Courses,
,NOVA Data School,,0,1,"Washington, D.C.",Data Science,
,Texas A&M University - Kingsville Bootcamps,,0,2,Online,"Full-Stack Web Development, University Coding Bootcamps, Front-End Development, Cyber Security, Online Courses, and Data Science",Internal scholarship provided by the school that student can apply to upon enrollment.
,Bitesize UX,,0,1,Online,Online Courses,Student discounts available by request.
,DCI Digital Career Institute,,0,1,Berlin,"Bootcamp Prep, Full-Stack Web Development, Front-End Development, Digital Marketing, Coding Bootcamps, and Data Science",
,Rezchool,,0,1,Amsterdam,Full-Stack Web Development and Coding Bootcamps,
,Codexplore,,0,2,Costa Rica,Full-Stack Web Development and Coding Bootcamps,
,Immerse Education,,0,1,Suffolk,"Bootcamp Prep, Full-Stack Web Development, and Coding Bootcamps",Yes - on a competition basis.
,A4 Machine Learning,,0,1,San Francisco,"Bootcamp Prep, Data Science, and Coding Bootcamps",Limited need-based financial aid is available upon request.
,MediaTech Institute,,0,3,Houston and Dallas,"Mobile Development, Full-Stack Web Development, IT Training, and Web Design (UX/UI)",
,Resilient Coders,,0,3,Boston,Coding Bootcamps and Full-Stack Web Development,
,iXperience,,0,3,"Berlin, Cape Town, and Lisbon","Mobile Development, Full-Stack Web Development, Front-End Development, Cyber Security, IT Training, Product Management, Digital Marketing, Web Design (UX/UI), Coding Bootcamps, and Data Science",
,Rice University Boot Camps,,0,3,Houston,University Coding Bootcamps,
,The Coding Boot Camp at UCR Extension,,0,3,Riverside,Full-Stack Web Development and University Coding Bootcamps,
,A&J Smart,,0,1,Online,Online Courses and Web Design (UX/UI),
,Vertabelo Academy,,0,3,Online,Online Courses and Data Science,
,CodeRocket Live!,,0,3,Online,Full-Stack Web Development and Online Courses,
,Code Partners,,0,3,"Washington, D.C.",Full-Stack Web Development and Coding Bootcamps,
,The Shkola,,0,1,Moscow,Full-Stack Web Development and Coding Bootcamps,Opportunity scholarship: free tuition
,Nexul Academy,,0,3,St. Louis,Full-Stack Web Development and Coding Bootcamps,"Up to $2000 total, $500 Women in Technology, $500 Underrepresented minority, $500 Veteran, $500 recent graduate"
,ProCoders,,0,1,Leeds,Full-Stack Web Development and Coding Bootcamps,
,Digital Class,,0,1,"Sydney, Melbourne, Perth, and Brisbane",IT Training,
,Pragmatic Leaders,,0,1,Online,Product Management,
,Synergistic IT,,0,3,San Jose,IT Training and Online Courses,
,preHIRED,,0,1,,"Online Courses, Digital Marketing, and Coding Bootcamps",
,Crashcode,,0,1,Hartford,Full-Stack Web Development and Coding Bootcamps,
,ITHAKAI,,0,1,Online,,
,Codica,,0,2,London,Mobile Development,
,Codam,,0,1,Amsterdam,Full-Stack Web Development and Coding Bootcamps,
,Code States,,0,3,,Full-Stack Web Development and Data Science,
,Refactory,,0,1,Online,Mobile Development and Coding Bootcamps,
,Code Crew Code School,,0,3,Memphis,Full-Stack Web Development and Coding Bootcamps,
,Entrepreneurs Academy,,0,3,Los Angeles,IT Training and Sales,
,Sun Training Center,,0,1,Miami,"Full-Stack Web Development, Cyber Security, IT Training, and Coding Bootcamps",
,Digital Citizen,,0,1,Miami,"Full-Stack Web Development, Digital Marketing, and Coding Bootcamps",
,i2 Labs Academy,,0,4,Miami,"Full-Stack Web Development, Cyber Security, and Coding Bootcamps",
,Code Fever,,0,1,Miami,Full-Stack Web Development and Coding Bootcamps,
,Zuitt,,0,1,Manila,Full-Stack Web Development and Coding Bootcamps,
,The Computer Workshop,,0,1,Columbus and Online,"Full-Stack Web Development, IT Training, and Coding Bootcamps",
,SmartNinja,,0,3,Barcelona,Full-Stack Web Development,
,NextGenT,,0,3,Online and San Jose,"Cyber Security, IT Training, Coding Bootcamps, and Sales",Up to 50% in scholarships
,the Clubhouse,,0,2,Augusta,Full-Stack Web Development and Coding Bootcamps,
,Bov Academy,,0,3,Online,"Full-Stack Web Development, Front-End Development, Cyber Security, and Coding Bootcamps",
,Code Immersives,,0,1,NYC,Full-Stack Web Development,
,Nomad Dev,,0,3,,Mobile Development and Coding Bootcamps,
,Penn LPS Coding Boot Camp,,0,3,Philadelphia,University Coding Bootcamps,
,UC Davis Boot Camps,,0,3,Sacramento and Davis,University Coding Bootcamps,
,Turn into Coders,,0,1,Turin,Full-Stack Web Development and Coding Bootcamps,??50 for women
,Logols,,0,3,Troy,Full-Stack Web Development and Coding Bootcamps,
,MissionU,,0,1,San Francisco,Data Science,
,Goodwin College Scale Academy,,0,1,Philadelphia,Front-End Development and Web Design (UX/UI),
,Starcoders Academy,,0,3,,,
,Palm Beach Code School,,0,1,Palm Beach,"Full-Stack Web Development, Digital Marketing, and Coding Bootcamps",
,University of Minnesota Boot Camps,,0,3,Minneapolis,University Coding Bootcamps and Coding Bootcamps,
,3W Academy,,0,3,Vilnius,Full-Stack Web Development,
,Mobile Academy,,0,1,Bucharest,Mobile Development and Coding Bootcamps,25% discount for students or early graduates
,PrwaTech,,0,3,Online,Coding Bootcamps and Data Science,
,Coding Towers,,0,3,Online,Coding Bootcamps,
,Social Hackers Academy,,0,3,Athens,Full-Stack Web Development and Coding Bootcamps,
,Blockchain Academy South Africa,,0,3,Cape Town,Blockchain and Crypto,
,Blockchain Academy Mexico,,0,3,Mexico City,Blockchain and Crypto,
,JOURNi,,0,3,Detroit,Front-End Development,
,Interapt,,0,3,Louisville,Mobile Development,
,Annie Cannons,,0,3,San Francisco,Coding Bootcamps,
,Academy School of Blockchain,,0,3,Online,Blockchain and Crypto,
,Ledet,,0,3,Online,IT Training and Web Design (UX/UI),
,Marylhurst University Coding Bootcamp,,0,1,Marylhurst,"Mobile Development, Full-Stack Web Development, Front-End Development, and Coding Bootcamps",
,I/O Spaces,,0,3,Silver Spring,Cyber Security,
,CCAC Coding Bootcamp,,0,3,Pittsburgh,University Coding Bootcamps,
,Bridge,,0,1,Toronto,"Full-Stack Web Development, Front-End Development, Women Coding Bootcamps, and Coding Bootcamps",
,University of Miami Boot Camps,,0,3,Miami,University Coding Bootcamps,
,University of Richmond Boot Camps,,0,3,Richmond,University Coding Bootcamps and Coding Bootcamps,
,Nirguna,,0,3,Hyderabad,Coding Bootcamps,
,Upload,,0,1,San Francisco and Los Angeles,Coding Bootcamps and IT Training,"Need-Based Full-Ride Scholarship ($2495), Alumni Scholarship ($1495), Workshop Discount ($250)"
,The Valley DBS,,0,2,Barcelona and Madrid,IT Training and Digital Marketing,20% Early Bird
,Data School,,0,3,Online,Online Courses and Data Science,
,BBST,,0,1,Online,Online Courses,
,GreyCampus,,0,1,"Dallas, NYC, Seattle, Miami, Toronto, Singapore, Washington, D.C., Philadelphia, Chicago, Atlanta, Hyderabad, Austin, Boston, Houston, Charlotte, San Francisco, and Los Angeles","IT Training, Product Management, Online Courses, and Data Science",
,KeepCoding,,0,2,Madrid,"Mobile Development, Full-Stack Web Development, and Coding Bootcamps",Please Enquire about our scholarships at cursos@keepcoding.io
,Monroe College Tech Boot Camp,,0,3,NYC,"Mobile Development, Full-Stack Web Development, University Coding Bootcamps, Front-End Development, and Coding Bootcamps",
,30 Weeks,,0,3,NYC,"Full-Stack Web Development, Product Management, and Coding Bootcamps",
,Techtonica,,0,1,San Francisco,Coding Bootcamps,Free with stipends
,GTT Academy,,0,3,,,
,Q College,,0,3,Victoria,"Front-End Development, Digital Marketing, and Coding Bootcamps",
,City University of Seattle,100,1,1,Seattle,Data Science Masters,
,University of Illinois at Chicago,100,1,1,Chicago,Data Science Masters,
,University of Arkansas,100,1,3,Fayetteville,Data Science Masters,
,San Jose State University,100,1,1,San Jose,Data Science Masters,
,Georgia Tech,100,1,1,Atlanta,Data Science Masters,
,New Jersey Institute of Technology,100,1,4,Newark,Data Science Masters,
,Cornell University,100,1,4,,Data Science Masters,
,Smart Factory,100,1,1,Minneapolis,Coding Bootcamps,
,SeedPaths,100,1,2,,,Partnerships with area workforce centers (partial & full potentially available)
,Coders Lab,100,1,1,"Warsaw, Wroc?aw, Pozna?, ??d?, Katowice, Krakow, and Bucharest","Coding Bootcamps, Full-Stack Web Development, and Front-End Development",
,Betamore,100,1,1,"Washington, D.C. and Baltimore","Coding Bootcamps, Front-End Development, Digital Marketing, Full-Stack Web Development, and Data Science",
,Appjamming,100,1,3,,,
,App Coda,100,1,3,Online,Online Courses,
,thenexgencoders,100,1,1,Online and Noida,IT Training and Online Courses,
,The Blockchain Academy,100,1,3,Online,Blockchain and Crypto,
,iD Tech,,0,1,"San Jose, Santa Clara, Seattle, Silicon Valley, Stanford, St. Louis, Tampa, Villanova, Waltham, Washington, D.C., West Lafayette, Winter Park, Hong Kong, Singapore, London, Phoenix, Ann Arbor, Atlanta, Austin, Baltimore, Bellevue, Berkeley, Boston, Boulder, Bronx, Cambridge, Chapel Hill, Charlotte, Charlottesville, Chicago, Cincinnati, Cleveland, Columbus, Coral Gables, Dallas, Denver, Evanston, Fairfield, Fort Collins, Fort Lauderdale, Houston, Indianapolis, Irvine, Kansas City, La Jolla, Las Vegas, Lehigh Valley, Lisle, Long Beach, Los Angeles, Louisville, Madison, Manhattan, Memphis, Miami, Milwaukee, Minneapolis, Nashville, NYC, Orlando, Philadelphia, Phoenix, Pittsburgh, Portland, Princeton, Raleigh-Durham, Richardson, Saint Louis, San Antonio, San Diego, and San Francisco",,
,NPower,,0,3,"St. Louis, Toronto, NYC, Dallas, San Francisco, and Baltimore","Full-Stack Web Development, Cyber Security, and Coding Bootcamps",
,Refugee Code Academy,,0,3,Dar es Salaam,IT Training,
,The Data Lab,,0,3,Edinburgh,University Coding Bootcamps and Data Science,
,Coding Autism,,0,3,Online,Full-Stack Web Development and Coding Bootcamps,Reach out to a Student Advisor Regarding Scholarship Requests
,UP Academy,,0,1,Lisbon,Full-Stack Web Development and Coding Bootcamps,
,Wichita State University Coding Bootcamp,,0,3,Online,Coding Bootcamps,
,UNIT Factory,,0,1,Kiev,"Full-Stack Web Development, IT Training, and Coding Bootcamps",
,City Colleges of Chicago Coding Bootcamp,,0,1,Chicago,University Coding Bootcamps,Free to accepted students
,Intela Education,,0,1,London,IT Training,
,PunchCode,,0,3,Las Vegas,Front-End Development and Coding Bootcamps,
,Spectrum,,0,1,Hong Kong,Data Science,
,The Valley Bootcamp,,0,1,Bangalore,Coding Bootcamps,
,Codecool,,0,1,"Budapest, Warsaw, and Krakow",Coding Bootcamps,N/A
,Developers Institute,,0,2,Tel Aviv,"Mobile Development, Full-Stack Web Development, and Coding Bootcamps",up to 50% Hayalim Meshouharim Scholarship / 7K NIS from Misrad alkita / Private Donors
,Houston Coding Academy,,0,1,Houston,Full-Stack Web Development,
,Tecnol?gico de Monterrey Boot Camps,,0,4,"Monterrey, Mexico City, and Online",University Coding Bootcamps and Coding Bootcamps,
,IKIGAI D?J?,,0,1,Manila,Full-Stack Web Development and Coding Bootcamps,Gender Diversity Scholarship- we offer 1 female per class a scholarship to cover 80% of the tuition fees
,Days of Code,,0,3,Austin,"Full-Stack Web Development, Coding Bootcamps, and Data Science",
,TechLaunch,,0,4,Miami,"Full-Stack Web Development, Cyber Security, and Coding Bootcamps",$500 per term (up to $1000) New Horizons Scholarship
,CyberWarrior Academy,,0,4,Boston,Cyber Security,80% price reduction
,The Institute for Statistics Education,,0,3,Online,Data Science,
,C4Q,,0,3,NYC,"Mobile Development, Full-Stack Web Development, and Coding Bootcamps",
,Ace Hacker,,0,3,Bangalore,Full-Stack Web Development and Coding Bootcamps,
,All Star Code,,0,3,NYC and Pittsburgh,Coding Bootcamps,
,Fire Tech Camp,,0,3,"Bristol, Bath, London, and Manchester",Full-Stack Web Development and Coding Bootcamps,
,Game Design and Development Lab,,0,3,Austin,IT Training,
,Sacred Heart University Coding Bootcamp,,0,3,Fairfield,"Full-Stack Web Development, University Coding Bootcamps, and Coding Bootcamps",
,Hack School,,0,3,Monterrey,Full-Stack Web Development and Coding Bootcamps,
,School of Visual Concepts,,0,2,Seattle,"Front-End Development, Digital Marketing, and Web Design (UX/UI)",
,La Nave Nodriza,,0,3,Madrid,Web Design (UX/UI),
,GCU Bootcamp,,0,2,Phoenix,University Coding Bootcamps,Scholarships awarded based on need
,University of Washington Coding Boot Camp,,0,3,Seattle,Full-Stack Web Development and University Coding Bootcamps,
,Coding Blocks,,0,3,New Delhi,Full-Stack Web Development and Online Courses,
,Platt College,,0,3,Los Angeles,IT Training and Full-Stack Web Development,
,T1CG Academy,,0,1,"Baltimore, College Park, Washington, D.C., and Columbia",Full-Stack Web Development and Coding Bootcamps,
,I C Stars,,0,3,Chicago,,
,Kode With Klossy,,0,3,NYC,Women Coding Bootcamps,
,OPMI Business School,,0,1,NYC,Full-Stack Web Development and IT Training,
,ICBootcamp,,0,1,Online,Full-Stack Web Development and Coding Bootcamps,
,Washington University Data Analytics Boot Camp,,0,3,St. Louis,University Coding Bootcamps and Data Science,
,ReBootKamp,,0,3,Amman,Full-Stack Web Development and Coding Bootcamps,
,BIG DIVE,,0,1,Turin,Data Science,
,PROGmasters,,0,3,Budapest,Full-Stack Web Development and Coding Bootcamps,
,Platform by Per Scholas,,0,1,"NYC, Bronx, and Dallas","Full-Stack Web Development, Cyber Security, and Data Science",All Courses are Free!
,Tech901,,0,1,Memphis,"Cyber Security, Coding Bootcamps, and IT Training",Course fee is just $250 for anyone not working in IT when enrolling
,Acclaim Education,,0,3,Silicon Valley,Coding Bootcamps,
,KU Boot Camps,,0,2,Kansas City,University Coding Bootcamps and Coding Bootcamps,
,University of Utah Boot Camps,,0,3,Salt Lake City,University Coding Bootcamps,
,Queens Tech Academy,,0,1,NYC,Coding Bootcamps,
,Playcrafting,,0,1,"San Francisco, NYC, and Boston",Coding Bootcamps,
,CODE Berlin,,0,1,Berlin,"Web Design (UX/UI), Full-Stack Web Development, and Product Management","CODE has a pay-forward model (study First, pay for your education after)."
,ICanCode,,0,1,Rochester,Coding Bootcamps,
,JRS Coding School,,0,3,Charleston,Coding Bootcamps,None
,KnowledgeNet,,0,3,Online,"IT Training, Sales, Product Management, Online Courses, and Coding Bootcamps",
,Konexio,,0,3,Paris,Coding Bootcamps,
,DeltaV Code School,,0,3,Cedar Rapids,Coding Bootcamps,
,Misterbit Coding Academy,,0,3,Tel Aviv,Coding Bootcamps,
,Operation Spark,,0,1,New Orleans,"Front-End Development, Coding Bootcamps, and Full-Stack Web Development","GI Bill, JOB1"
,Hunter Business School,,0,3,NYC,"Front-End Development, IT Training, and Data Science",
,DevRubyCamp,,0,3,,,
,Data Science for Social Good,,0,3,Chicago,Data Science,
,CodePath,,0,3,San Francisco,Coding Bootcamps,
,CodeClub,,0,1,Los Angeles,,
,Athena Tech Academy,,0,1,,,
,Angelhack Education,,0,3,,,
,iNVASIVECODE,,0,1,"San Francisco, Barcelona, and Los Angeles",Data Science,
,Isomer,,0,1,,,
,Square Code Camp,,0,3,San Francisco,Coding Bootcamps,
,Saint Louis University-Main Campus,,0,3,,Data Science Masters,
,Regis University,,0,1,Denver,Data Science Masters,
,Philadelphia University,,0,3,Philadelphia,Data Science Masters,
,Johns Hopkins University,,0,1,Baltimore,Data Science Masters,
,Georgia Southern University,,0,1,,Data Science Masters,
,Emporia State University,,0,1,,Data Science Masters,
,Nation of Code,,0,3,,,
,LearnTech Labs,,0,3,San Francisco,Coding Bootcamps,
,HackerForge,,0,3,,,
,Astro Code School,,0,3,Raleigh-Durham,Coding Bootcamps,
,Ronin (Makers Academy),,0,3,Online,Online Courses,
,EpicU,,0,3,Dallas,Coding Bootcamps,
,AcadGild,,0,3,Bangalore and Online,"Front-End Development, Web Design (UX/UI), Data Science, and Online Courses",
,Stackademy,,0,3,Berlin,Data Science,
,Skaled,,0,3,NYC,Data Science,
,Pen and Paper Coding,,0,3,NYC,Front-End Development and Coding Bootcamps,
,Outlandish Labs,,0,3,Atlanta,Data Science,
,The Dev School,,0,3,Nairobi,,
,Lumenbrite,,0,3,Austin,Coding Bootcamps,
,Interface Web School,,0,3,Omaha,Data Science,
,HardCoder Labs,,0,3,Montreal,Data Science,
,BlackBelt Coding,,0,2,Miami,,15% Discount for Switchup Students
,NAU Coding Bootcamp,,0,3,,Coding Bootcamps and University Coding Bootcamps,
,WebsiteSetup,,0,1,Online,Online Courses,$1000 Youth Scholarship
,Brandman University,,0,2,Online,IT Training and Data Science Masters,"$2700 Back to School Scholarship. Covers entire first 6 months of study! Must apply and begin by November 30th, 2016."
,Manifest Agility Boot Camp,,0,3,Columbus,IT Training and Coding Bootcamps,
,Techvalley Training Center,,0,1,,,
,Apprentice io,,0,3,,,
,Telegraph Academy,,0,3,,,
,Girls Who Code,,0,3,"Boston, NYC, Chicago, Austin, and Seattle",,
,Master21 Academy,,0,3,Zurich,Data Science,
,Data Application Lab,,0,1,"Los Angeles, San Jose, Beijing, Chengdu, and Online",Coding Bootcamps and Data Science,
,Gainsville Dev Academy,,0,2,Gainesville,Coding Bootcamps,"Limited scholarships, full scholarships for those eligible"
,TAG Innovation School,,0,3,Milan,"Web Design (UX/UI), Data Science, Front-End Development, and Digital Marketing",
,Andela,,0,3,Nairobi and Lagos,Coding Bootcamps,
,UNC-Chapel Hill Boot Camps,,0,3,Chapel Hill and Raleigh-Durham,Coding Bootcamps and University Coding Bootcamps,
,Basecamp,,0,1,Online and Bratislava,Data Science,
,Jademy,,0,3,Bucharest,Coding Bootcamps,
,Arkansas Coding Academy,,0,2,Conway and Little Rock,Coding Bootcamps,
,Impekable Design Workshop,,0,1,,,Sign up through Switchup and take $30 off cohort pricing
,Codemasters Academy,,0,2,,,$500 Scholarships - Veterans & students with financial needs
,Digital Unicorn,,0,3,London,,
,ALT-U,,0,1,Dallas,Coding Bootcamps,
,Big Sky Code Academy,,0,2,"Billings, Big Sky, Bozeman, Helena, Missoula, Great Falls, Havre, and Whitefish",Coding Bootcamps and Full-Stack Web Development,
,Logit Data Science,,0,1,Los Angeles,Data Science,"$500 Scholarship if applying through course report, women's scholarships (inquire with us further)"
,The Closer Academy,,0,3,,,
,Code Ingenious,,0,3,Online,Coding Bootcamps,
,Code District,,0,2,Los Angeles,"Coding Bootcamps, Full-Stack Web Development, and Front-End Development",
,Camp Code Away,,0,1,Bali and Costa Rica,Coding Bootcamps,Minority and female in tech scholarships
,CodeU,,0,3,,,
,RSquare Edge,,0,3,Online,Coding Bootcamps,Women in Machine Learning and Data Science (WiMLDS) Scholarship - http://rsquareedge.com/scholarship-announcement/
,GoCode Academy,,0,3,Milton Keynes,Coding Bootcamps,Not yet
,University of Denver Boot Camps,,0,3,Denver,Coding Bootcamps and University Coding Bootcamps,
,Case Western Reserve University Boot Camps,,0,3,Cleveland,Coding Bootcamps and University Coding Bootcamps,
,CodingSchool at ThoughtSTEM,,0,1,San Diego,Coding Bootcamps,It's free to anyone who is accepted
,Computational Thinkers,,0,1,Honolulu,IT Training and Coding Bootcamps,Receive a $50 credit toward your next class by using coupon code SWITCHUP.
,"York College, CUNY Continuing and Professional Education Center",,0,1,NYC,IT Training and Product Management,
,Mente Argentina,,0,3,Buenos Aires,"Product Management, Digital Marketing, Coding Bootcamps, Mobile Development, Full-Stack Web Development, and Web Design (UX/UI)",
,SMU Boot Camps,,0,3,Dallas,Coding Bootcamps and University Coding Bootcamps,
,GoIT,,0,1,Online,Coding Bootcamps,
,Parallax Code Academy,,0,2,Albuquerque,Front-End Development and Web Design (UX/UI),$4000 Scholarship
,XTOL Corp,,0,3,Online,"IT Training, Coding Bootcamps, and Data Science",
,LabsIOT,,0,3,,,
,Cyber Retraining Academy,,0,3,London,Cyber Security and Coding Bootcamps,
,Open Cloud Academy,,0,3,San Antonio,Cyber Security and Coding Bootcamps,
,Roving Labs Coding Bootcamp,,0,3,,,Scholarships and Bursaries Offered. Please apply here: http://beta.rovinglabs.co.za/scholarships-and-bursaries.php
,Elmhurst College,,0,1,,Data Science Masters,
,Columbia University in the City of New York,,0,1,NYC,Data Science Masters,
,Central Connecticut State University,,0,3,,Data Science Masters,
,Capella University,,0,3,Minneapolis,Data Science Masters,
,California State University-Fullerton,,0,1,,Data Science Masters,
,Oklahoma State University Center for Health Sciences,,0,3,,Data Science Masters,
,Aurora University,,0,1,,Data Science Masters,
,University of South Florida-Main Campus,,0,1,Tampa,Data Science Masters,
,University of Pittsburgh-Bradford,,0,3,,Data Science Masters,
,University of North Carolina at Chapel Hill,,0,1,Chapel Hill,Data Science Masters,
,University of Memphis,,0,1,Memphis,Data Science Masters,
,Union Graduate College,,0,1,,Data Science Masters,
,Trocaire College,,0,1,,Data Science Masters,
,The College of Saint Scholastica,,0,1,,Data Science Masters,
,Temple University,,0,1,Philadelphia,Data Science Masters,
,University of North Texas,,0,3,,Data Science Masters,
,University of North Carolina at Greensboro,,0,1,Greensboro,Data Science Masters,
,University of Minnesota-Duluth,,0,1,,Data Science Masters,
,University of Michigan-Dearborn,,0,1,,Data Science Masters,
,University of Miami,,0,1,,Data Science Masters,
,University of Maryland-College Park,,0,1,,Data Science Masters,
,University of Kansas,,0,1,,Data Science Masters,
,University of Georgia,,0,1,,Data Science Masters,
,University of Florida,,0,1,Gainesville,Data Science Masters,
,University of Denver,,0,3,Denver,Data Science Masters,
,University of Colorado Boulder,,0,3,Boulder,Data Science Masters,
,University of Cincinnati-Main Campus,,0,3,Cincinnati,Data Science Masters,
,University of Chicago,,0,1,Chicago,Data Science Masters,
,University of California-Davis,,0,1,,Data Science Masters,
,University at Buffalo,,0,1,,Data Science Masters,
,The University of Texas at San Antonio,,0,4,San Antonio,Data Science Masters,
,The University of Alabama,,0,1,,Data Science Masters,
,Purdue University-Main Campus,,0,4,,Data Science Masters,
,Pennsylvania State University-World Campus,,0,4,,Data Science Masters,
,Pennsylvania State University-Main Campus,,0,2,,Data Science Masters,
,Ohio State University-Main Campus,,0,1,Columbus,Data Science Masters,
,Oakland University,,0,2,,Data Science Masters,
,Kennesaw State University,,0,1,,Data Science Masters,
,Kansas State University,,0,3,,Data Science Masters,
,Indiana University-Purdue University-Indianapolis,,0,2,Indianapolis,Data Science Masters,
,Eastern Michigan University,,0,4,,Data Science Masters,
,Colorado State University-Fort Collins,,0,2,Fort Collins,Data Science Masters,
,California State University-Long Beach,,0,3,,Data Science Masters,
,Bowling Green State University,,0,1,,Data Science Masters,
,University of Virginia,,0,4,,Data Science Masters,
,CUNY Bernard M Baruch College,,0,3,NYC,Data Science Masters,
,Cleveland State University,,0,1,Cleveland,Data Science Masters,
,California State University-East Bay,,0,1,,Data Science Masters,
,Brandeis University,,0,4,,Data Science Masters,
,Benedictine University,,0,4,,Data Science Masters,
,Bellevue University,,0,2,,Data Science Masters,
,Babson College,,0,4,,Data Science Masters,
,Auburn University,,0,4,,Data Science Masters,
,American University,,0,4,,Data Science Masters,
,Villanova University,,0,4,,Data Science Masters,
,University of the District of Columbia,,0,3,,Data Science Masters,
,University of Notre Dame,,0,4,,Data Science Masters,
,University of North Carolina at Charlotte,,0,2,Charlotte,Data Science Masters,
,University of Maine at Farmington,,0,4,,Data Science Masters,
,University of Colorado Denver,,0,1,Denver,Data Science Masters,
,Southwestern Oklahoma State University,,0,1,,Data Science Masters,
,Southern New Hampshire University,,0,3,Manchester,Data Science Masters,
,Pasco-Hernando State College,,0,1,,Data Science Masters,
,Nova Southeastern University,,0,1,Fort Lauderdale,Data Science Masters,
,National University,,0,1,,Data Science Masters,
,Misericordia University,,0,3,Dallas,Data Science Masters,
,Middle Tennessee State University,,0,3,,Data Science Masters,
,Medical University of South Carolina,,0,1,Charleston,Data Science Masters,
,Harvard University,,0,1,Cambridge,Data Science Masters,
,Grand Valley State University,,0,1,,Data Science Masters,
,Florida International University,,0,1,Miami,Data Science Masters,
,Davenport University,,0,3,,Data Science Masters,
,Bellevue College,,0,1,,Data Science Masters,
,University of Rochester,,0,1,,Data Science Masters,
,University of Phoenix,,0,1,Albuquerque,Data Science Masters,
,University of Tennessee,,0,4,,Data Science Masters,
,University of San Francisco,,0,4,San Francisco,Data Science Masters,
,University of Maryland,,0,4,,Data Science Masters,
,University of Connecticut,,0,4,,Data Science Masters,
,University of Cincinnati,,0,4,Cincinnati,Data Science Masters,
,"University of California, Berkeley",,0,4,Berkeley,Data Science Masters,
,Stanford University,,0,4,,Data Science Masters,
,Southern Methodist University,,0,1,Dallas,Data Science Masters,
,Rutgers University,,0,1,New Brunswick,Data Science Masters,
,Northwestern University,,0,4,Evanston,Data Science Masters,
,North Carolina State University,,0,4,,Data Science Masters,
,New York University,,0,3,NYC,Data Science Masters,
,Michigan State University,,0,4,,Data Science Masters,
,Louisiana State University,,0,1,,Data Science Masters,
,"Indiana University, Bloomington",,0,1,Bloomington,Data Science Masters,
,RockIT Bootcamp,,0,2,,,
,Digital Professional Institute,,0,3,Chicago,Coding Bootcamps,20% off
,Supacoderz,,0,2,London,Coding Bootcamps,
,Steer,,0,1,,,
,Philly Dev Camp,,0,1,,,
,Midwest Hacker School,,0,1,Omaha,Coding Bootcamps,
,Marcademy,,0,3,San Francisco,Coding Bootcamps,
,Koru,,0,1,,,
,Hackership,,0,1,,,Diversity and Technology Grants
,Dojo Dev Camp,,0,2,Provo,,
,Craftsmanship Academy,,0,4,Raleigh-Durham,Coding Bootcamps,Case by case to the most promising applicants
,Delta Program,,0,1,,,
,CODEcamp Charleston,,0,1,Charleston,Coding Bootcamps and Data Science,
,Coder Cadre,,0,3,,,
,Code Union,,0,1,San Francisco,Coding Bootcamps and Data Science,
,UNH Boot Camps,,0,2,Manchester,Coding Bootcamps and University Coding Bootcamps,
,Merrimack College,,0,4,,Data Science Masters,
,Coderhouse,,0,3,,,
,Academy Pittsburgh,,0,3,Pittsburgh,Front-End Development and Coding Bootcamps,"free to qualified candidates, with priority to people from groups underrepresented in tech"
,Codez Academy,,0,3,Wales,"Front-End Development, Web Design (UX/UI), and Coding Bootcamps",
,EHD Academy,,0,1,London,,
,New IT Academy,,0,3,,,
,Houston Coding Boot Camp,,0,2,Houston,Coding Bootcamps and University Coding Bootcamps,
,The Devs Lab,,0,2,,,$1500 Veteran Scholarship and Women in Tech Scholarship
,Revature,,0,1,"Tampa, Online, Dallas, Reston, Scottsdale, Washington, D.C., and NYC","Online Courses, Coding Bootcamps, and University Coding Bootcamps",
,Women's Coding Collective,,0,3,,,"Front-End Developement, Python"
,Divergence Academy,,0,3,Dallas,Coding Bootcamps and Data Science,$500 
,Mother Coders,,0,3,San Francisco,Women Coding Bootcamps,
,Edge Tech Academy,,0,3,Dallas,Coding Bootcamps,
,IntelliX Software Training,,0,1,Columbus,IT Training,
,PreHack,,0,3,,,"Tuition is free for our beta program (limited spots available). Applications are due on October 9, 2015."
,Coder Manual,,0,3,Online,Online Courses and Coding Bootcamps,
,Code for Progress,,0,3,,,
,Cribb,,0,2,,,
,Code Builders,,0,3,,,Defered Tuition an option for those who require it
,devSchool io,,0,1,,,Zero tuition until you land a job.
,QA Camp,,0,2,NYC,,
,dots SCHOOL,,0,3,,,
,LAMP Camp,,0,3,Atlanta,,
,Scale,,0,3,,,
,Blur State,,0,3,Fayetteville,Coding Bootcamps,
,Geekskool,,0,3,Bangalore,Coding Bootcamps,
,CodeAbode,,0,3,Chicago,Coding Bootcamps,
,Praxis Data Science,,0,3,,,
,CodeaCamp,,0,3,Mexico City,Coding Bootcamps,
,Thomas Edison State College,,0,1,,Data Science Masters,
,University of Texas at Dallas,,0,1,,Data Science Masters,
,University of Texas at Austin,,0,1,Austin,Data Science Masters,
,The University of Tennessee,,0,1,,Data Science Masters,
,The University of Tennessee at Chattanooga,,0,1,,Data Science Masters,
,Stevens Institute of Technology,,0,1,,Data Science Masters,
,Seattle U Coding Bootcamp,,0,1,Seattle,"Data Science Masters, University Coding Bootcamps, and Coding Bootcamps",
,Santa Clara University,,0,1,Santa Clara,Data Science Masters,
,Saint Peter's University,,0,3,Jersey City,Data Science Masters,
,Saint Joseph's University,,0,1,Philadelphia,Data Science Masters,
,Rockhurst University,,0,3,Kansas City,Data Science Masters,
,Rensselaer Polytechnic Institute,,0,1,,Data Science Masters,
,Quinnipiac University,,0,1,,Data Science Masters,
,Notre Dame of Maryland University,,0,1,Baltimore,Data Science Masters,
,North Carolina State University at Raleigh,,0,1,,Data Science Masters,
,Nebraska College of Technical Agriculture,,0,1,,Data Science Masters,
,Missouri University of Science and Technology,,0,1,,Data Science Masters,
,Mercer University,,0,1,,Data Science Masters,
,Marist College,,0,1,,Data Science Masters,
,Loras College,,0,1,,Data Science Masters,
,Lewis University,,0,1,,Data Science Masters,
,Indiana University Bloomington,,0,1,Bloomington,Data Science Masters,
,Hawaii Pacific University,,0,1,Honolulu,Data Science Masters,
,Harrisburg University of Science and Technology,,0,1,,Data Science Masters,
,Grantham University,,0,1,Kansas City,Data Science Masters,
,Georgia State University,,0,1,Atlanta,Data Science Masters,
,Georgetown University,,0,3,,Data Science Masters,
,George Washington University,,0,1,,Data Science Masters,
,Full Sail University,,0,3,,Data Science Masters,
,Dakota State University,,0,1,Madison,Data Science Masters,
,DePaul University,,0,1,Chicago,Data Science Masters,
,Columbia University,,0,4,NYC,Data Science Masters,
,Carnegie Mellon University,,0,4,Pittsburgh,Data Science Masters,
,Bentley University,,0,4,,Data Science Masters,
,Arizona State University,,0,4,,Data Science Masters,
,Geekuni,,0,1,Online,Coding Bootcamps,
,Software Tester Bootcamp,,0,3,Detroit,Coding Bootcamps,"Veterans, Women, Underrepresented Minorities [Case by Case]"
,Base10 Academy,,0,3,,,"$400 Veteran, Ethnic Minority, or Unemployed"
,Simplon,,0,1,Paris,Coding Bootcamps and Full-Stack Web Development,
,Web Fellowship,,0,3,Austin,Coding Bootcamps,
